ID,Status
i4C01C33F27F544E68AEBDF5BEE5763D4,OK
i716AF3327AF643C4AA97DCD1AF8FD981,OK
iBC8B62BD5D274C23844D71C70441528A,OK
iDA39C1DEF309489AAF10A6DFD08CA131,OK
i00820CA73B80413ABB7BD13EA18613D3,ERROR
iCD8D5CE430024A29AC8C858E4A37B78A,OK
i0E0F431C0A84416BB1A1CE6A56B0849C,OK
i87EC007C698C4B4592C22B8D31700487,OK
iFEFA1AC0EEEC436E8D3BF3A57A6B4D7E,OK
i307EAC0C2EFB486B80C5524AC22E8166,OK
i6663798A92CE40ABAC54DEC77EF81D3D,OK
i1F2DCCA81CD24FD883D6581BCA9C8A0B,ERROR
iFED7D6C805A64B72B0FADBA08A4E7FBF,OK
i009170D07133403492E494167CF4EE40,OK
i0BA820CFADA149408615CB9077E6F13F,ERROR
i5B7D3B6B9A4F4757B659D4E9A8EDF519,OK
i4D99766EDE7B4A728CEF0FDCCF42CC30,OK
i0BFDB15ACE034F0898AED3505C0DEA45,OK
iC96D1B208C8748D0B0D7007D308CF48F,ERROR
iEB2B19F424A444D289A7683C8A7CAE33,ERROR
i03F02D00A03144F58B8BA303D871AB8C,ERROR
i99914FC000CB42B995A22B22B2D71EF5,ERROR
i8F3DDB3600414FE0B0DCCDFFDFE05690,OK
iC8DF18DD2896484E8FB90841B1F48A2D,OK
i05D4B10FB6F14CE8B4AC7B82CBF4CC27,ERROR
iEE09ACA927B043468F7E768D2A18B6E0,ERROR
i6BD4B1A3744D46FA8413AEC1E220480A,ERROR
i2134FFF8E22744F9861441D97D5C4711,ERROR
iBCC03FA4E2FB4D6FB17FF5AFF2746AFC,OK
i90EC4126B0194C6EAC1683E5EF525B8C,ERROR
iE26B10ACA88848D0A41C9828907ABB47,OK
i41E58EB74C8241558C5E3A2CF74252BF,OK
iB61B1ED805E2464CBCEA4BDCECB74C4E,OK
